Elapsed Time [sec],-O0,-O1,-O2,-O3
mdim,0.0731625,0.0275065,0.01101125,0.009754
sdim,0.04754875,0.027083,0.0119485,0.010922
sdim_trans,0.0459355,0.0254575,0.00801675,0.0079255
